service,pattern,config,rep,plan_position,O1_slo_s,O2_error_pct,O3_goodput_rps,timeout_pct,shed_pct,requests,O4_first_up_s,O4_first_new_ready_s,O5_replica_s,O5_cpu_core_s,anti_phase_downs,scale_ups_before_onset,inexact_scale_times,run_dir
auth-service,gradual,b1,1,7,340.0,49.8571,10.0286,6.0833,43.7738,8400,,,420.0,181.9058,0,0,0,auth-service/b1/gradual/rep1
auth-service,gradual,b1,2,45,300.0,53.3214,9.3357,6.5,46.8214,8400,,,420.0,175.0401,0,0,0,auth-service/b1/gradual/rep2
auth-service,gradual,b1,3,102,310.0,48.9286,10.2143,4.6071,44.3214,8400,,,420.0,177.9944,0,0,0,auth-service/b1/gradual/rep3
auth-service,gradual,b1,4,114,320.0,50.4286,9.9143,5.0952,45.3333,8400,,,420.0,178.4613,0,0,0,auth-service/b1/gradual/rep4
auth-service,gradual,b1,5,172,290.0,48.381,10.3238,4.5476,43.8333,8400,,,420.0,172.6074,0,0,0,auth-service/b1/gradual/rep5
auth-service,gradual,b2,1,11,10.0,0.0,20.0,0.0,0.0,8400,,,2100.0,316.7322,0,0,0,auth-service/b2/gradual/rep1
auth-service,gradual,b2,2,69,10.0,0.0595,19.9881,0.0238,0.0357,8400,,,2100.0,310.0932,0,0,0,auth-service/b2/gradual/rep2
auth-service,gradual,b2,3,86,0.0,0.0,20.0,0.0,0.0,8400,,,2100.0,312.4904,0,0,0,auth-service/b2/gradual/rep3
auth-service,gradual,b2,4,143,0.0,0.0,20.0,0.0,0.0,8400,,,2100.0,314.3853,0,0,0,auth-service/b2/gradual/rep4
auth-service,gradual,b2,5,145,20.0,0.0238,19.9952,0.0238,0.0,8400,,,2100.0,321.8372,0,0,0,auth-service/b2/gradual/rep5
auth-service,gradual,h1,1,25,140.0,3.0595,19.3881,1.1071,1.9524,8400,139.257,156.257,1171.972,319.6303,0,0,0,auth-service/h1/gradual/rep1
auth-service,gradual,h1,2,50,70.0,0.619,19.8762,0.25,0.369,8400,95.348,112.348,1166.608,323.8607,0,0,0,auth-service/h1/gradual/rep2
auth-service,gradual,h1,3,93,140.0,1.0595,19.7881,0.3333,0.7262,8400,109.588,126.588,1112.648,316.6046,0,0,0,auth-service/h1/gradual/rep3
auth-service,gradual,h1,4,123,110.0,1.1548,19.769,0.5238,0.631,8400,123.982,141.982,1292.072,328.7623,0,0,0,auth-service/h1/gradual/rep4
auth-service,gradual,h1,5,165,120.0,1.0119,19.7976,0.369,0.6429,8400,109.793,126.793,1112.828,308.877,0,0,0,auth-service/h1/gradual/rep5
auth-service,gradual,h2,1,15,100.0,1.6905,19.6619,0.4643,1.2262,8400,124.945,142.945,1286.22,308.033,0,0,0,auth-service/h2/gradual/rep1
auth-service,gradual,h2,2,46,70.0,0.3214,19.9357,0.119,0.2024,8400,109.758,126.758,1352.968,335.6334,0,0,0,auth-service/h2/gradual/rep2
auth-service,gradual,h2,3,98,40.0,0.0,20.0,0.0,0.0,8400,65.086,82.086,1410.656,299.4548,0,0,0,auth-service/h2/gradual/rep3
auth-service,gradual,h2,4,133,90.0,0.381,19.9238,0.2619,0.119,8400,94.175,112.175,1351.3,330.0181,0,0,0,auth-service/h2/gradual/rep4
auth-service,gradual,h2,5,161,60.0,0.0,20.0,0.0,0.0,8400,95.761,112.761,1407.956,323.3049,0,0,0,auth-service/h2/gradual/rep5
auth-service,gradual,h3,1,27,50.0,0.0,20.0,0.0,0.0,8400,65.15,84.15,1392.4,318.4629,0,0,0,auth-service/h3/gradual/rep1
auth-service,gradual,h3,2,44,50.0,0.0,20.0,0.0,0.0,8400,79.829,97.829,1394.684,310.6324,0,0,0,auth-service/h3/gradual/rep2
auth-service,gradual,h3,3,81,10.0,0.0833,19.9833,0.0,0.0833,8400,65.167,83.167,1392.332,300.8455,0,0,0,auth-service/h3/gradual/rep3
auth-service,gradual,h3,4,137,30.0,0.0,20.0,0.0,0.0,8400,79.784,98.784,1376.864,328.5041,0,0,0,auth-service/h3/gradual/rep4
auth-service,gradual,h3,5,154,50.0,0.6667,19.8667,0.2381,0.4286,8400,80.173,97.173,1366.308,318.5427,0,0,0,auth-service/h3/gradual/rep5
auth-service,gradual,k1,1,3,40.0,0.0,20.0,0.0,0.0,8400,66.442,83.442,1390.232,334.5118,0,0,0,auth-service/k1/gradual/rep1
auth-service,gradual,k1,2,64,40.0,0.0714,19.9857,0.0714,0.0,8400,65.959,83.959,1389.164,328.3479,0,0,0,auth-service/k1/gradual/rep2
auth-service,gradual,k1,3,83,40.0,0.0,20.0,0.0,0.0,8400,70.887,88.887,1383.452,323.0122,0,0,0,auth-service/k1/gradual/rep3
auth-service,gradual,k1,4,113,30.0,0.0476,19.9905,0.0,0.0476,8400,65.385,82.385,1395.46,298.4361,0,0,0,auth-service/k1/gradual/rep4
auth-service,gradual,k1,5,160,40.0,0.0119,19.9976,0.0119,0.0,8400,67.051,85.051,1387.796,294.6308,0,0,0,auth-service/k1/gradual/rep5
auth-service,oscillating,b1,1,35,260.0,60.903,6.9071,12.6146,48.2884,7420,,,420.0,133.0645,0,0,0,auth-service/b1/oscillating/rep1
auth-service,oscillating,b1,2,48,250.0,59.1375,7.219,9.9461,49.1914,7420,,,420.0,123.727,0,0,0,auth-service/b1/oscillating/rep2
auth-service,oscillating,b1,3,107,250.0,56.2803,7.7238,4.2183,52.062,7420,,,420.0,134.6628,0,0,0,auth-service/b1/oscillating/rep3
auth-service,oscillating,b1,4,120,250.0,56.6038,7.6667,4.5418,52.062,7420,,,420.0,135.9079,0,0,0,auth-service/b1/oscillating/rep4
auth-service,oscillating,b1,5,159,250.0,56.7385,7.6429,4.5013,52.2372,7420,,,420.0,135.2101,0,0,0,auth-service/b1/oscillating/rep5
auth-service,oscillating,b2,1,29,10.0,0.0404,17.6595,0.0,0.0404,7420,,,2100.0,281.3062,0,0,0,auth-service/b2/oscillating/rep1
auth-service,oscillating,b2,2,52,0.0,0.0,17.6667,0.0,0.0,7420,,,2100.0,277.2702,0,0,0,auth-service/b2/oscillating/rep2
auth-service,oscillating,b2,3,73,20.0,0.1348,17.6429,0.0135,0.1213,7420,,,2100.0,281.1259,0,0,0,auth-service/b2/oscillating/rep3
auth-service,oscillating,b2,4,116,20.0,0.027,17.6619,0.027,0.0,7420,,,2100.0,280.3201,0,0,0,auth-service/b2/oscillating/rep4
auth-service,oscillating,b2,5,148,0.0,0.0,17.6667,0.0,0.0,7420,,,2100.0,270.2555,0,0,0,auth-service/b2/oscillating/rep5
auth-service,oscillating,h1,1,1,180.0,23.8275,13.4571,5.8086,18.0189,7420,94.73,112.73,1289.08,234.6983,0,0,0,auth-service/h1/oscillating/rep1
auth-service,oscillating,h1,2,68,160.0,21.0377,13.95,2.372,18.6658,7420,64.409,82.409,1406.364,245.2206,0,0,0,auth-service/h1/oscillating/rep2
auth-service,oscillating,h1,3,78,150.0,19.8248,14.1643,2.2237,17.6011,7420,49.582,66.582,1351.672,241.1262,0,0,0,auth-service/h1/oscillating/rep3
auth-service,oscillating,h1,4,144,180.0,22.0485,13.7714,1.9946,20.0539,7420,94.376,112.376,1289.496,227.4517,0,0,0,auth-service/h1/oscillating/rep4
auth-service,oscillating,h1,5,153,200.0,26.0647,13.0619,3.1941,22.8706,7420,65.188,82.188,1073.436,212.6804,0,0,0,auth-service/h1/oscillating/rep5
auth-service,oscillating,h2,1,4,200.0,46.0916,9.5238,9.097,36.9811,7420,65.13,82.13,1128.4005,138.4306,2,0,0,auth-service/h2/oscillating/rep1
auth-service,oscillating,h2,2,66,150.0,16.2803,14.7905,2.1563,14.124,7420,34.244,51.244,1411.059,235.9496,3,0,0,auth-service/h2/oscillating/rep2
auth-service,oscillating,h2,3,95,230.0,34.2857,11.6095,3.1941,31.0782,7420,80.16,97.16,1042.8305,179.3208,2,0,0,auth-service/h2/oscillating/rep3
auth-service,oscillating,h2,4,134,180.0,24.407,13.3548,3.0863,21.3073,7420,19.961,36.961,1254.4755,204.1883,3,0,0,auth-service/h2/oscillating/rep4
auth-service,oscillating,h2,5,171,220.0,35.8086,11.3405,3.6253,32.1024,7420,49.754,67.754,1006.8225,180.1358,2,0,0,auth-service/h2/oscillating/rep5
auth-service,oscillating,h3,1,24,240.0,36.5094,11.2167,3.3693,33.1402,7420,35.324,52.324,986.8245,178.359,0,0,0,auth-service/h3/oscillating/rep1
auth-service,oscillating,h3,2,47,240.0,32.1429,11.9881,3.1402,28.9892,7420,19.037,38.037,1060.13,202.4211,0,0,0,auth-service/h3/oscillating/rep2
auth-service,oscillating,h3,3,91,220.0,38.4771,10.869,3.3558,35.1213,7420,34.869,52.869,1049.658,180.5595,0,0,0,auth-service/h3/oscillating/rep3
auth-service,oscillating,h3,4,109,220.0,30.9973,12.1905,3.9892,27.0081,7420,19.674,37.674,1030.59,211.3927,0,0,0,auth-service/h3/oscillating/rep4
auth-service,oscillating,h3,5,175,240.0,42.1563,10.219,4.1779,37.9784,7420,34.388,52.388,1010.9395,175.3483,0,0,0,auth-service/h3/oscillating/rep5
auth-service,oscillating,k1,1,16,240.0,40.5391,10.5048,4.0836,36.442,7420,35.13,53.13,934.0395,191.8175,0,0,0,auth-service/k1/oscillating/rep1
auth-service,oscillating,k1,2,38,220.0,39.973,10.6048,3.7736,36.1995,7420,36.245,54.245,987.899,184.0643,0,0,0,auth-service/k1/oscillating/rep2
auth-service,oscillating,k1,3,75,250.0,34.0296,11.6548,3.6119,30.4178,7420,24.182,42.182,1017.3035,200.7369,0,0,0,auth-service/k1/oscillating/rep3
auth-service,oscillating,k1,4,124,220.0,33.8544,11.6857,3.5175,30.3369,7420,22.459,40.459,1018.3465,184.8551,0,0,0,auth-service/k1/oscillating/rep4
auth-service,oscillating,k1,5,180,200.0,27.9245,12.7333,2.938,24.9865,7420,19.998,36.998,1050.841,205.3532,0,0,0,auth-service/k1/oscillating/rep5
auth-service,spike,b1,1,2,410.0,66.9021,9.819,11.87,55.0321,12460,,,420.0,203.6718,0,0,0,auth-service/b1/spike/rep1
auth-service,spike,b1,2,54,410.0,68.9326,9.2167,15.3531,53.5795,12460,,,420.0,203.7413,0,0,0,auth-service/b1/spike/rep2
auth-service,spike,b1,3,79,410.0,61.0032,11.569,4.5586,56.4446,12460,,,420.0,200.7266,0,0,0,auth-service/b1/spike/rep3
auth-service,spike,b1,4,136,410.0,62.8892,11.0095,4.7833,58.1059,12460,,,420.0,196.7582,0,0,0,auth-service/b1/spike/rep4
auth-service,spike,b1,5,173,410.0,65.2488,10.3095,5.0722,60.1766,12460,,,420.0,197.8887,0,0,0,auth-service/b1/spike/rep5
auth-service,spike,b2,1,17,30.0,0.0241,29.6595,0.0241,0.0,12460,,,2100.0,474.2995,0,0,0,auth-service/b2/spike/rep1
auth-service,spike,b2,2,62,30.0,0.0,29.6667,0.0,0.0,12460,,,2100.0,460.6461,0,0,0,auth-service/b2/spike/rep2
auth-service,spike,b2,3,104,0.0,0.0,29.6667,0.0,0.0,12460,,,2100.0,455.9449,0,0,0,auth-service/b2/spike/rep3
auth-service,spike,b2,4,119,10.0,0.008,29.6643,0.0,0.008,12460,,,2100.0,457.0954,0,0,0,auth-service/b2/spike/rep4
auth-service,spike,b2,5,176,30.0,0.1043,29.6357,0.0482,0.0562,12460,,,2100.0,480.2272,0,0,0,auth-service/b2/spike/rep5
auth-service,spike,h1,1,13,230.0,16.9823,24.6286,2.6886,14.2937,12460,65.062,83.062,1469.752,432.9889,0,0,0,auth-service/h1/spike/rep1
auth-service,spike,h1,2,67,210.0,16.5329,24.7619,2.1027,14.4302,12460,80.155,97.155,1471.38,418.4658,0,0,0,auth-service/h1/spike/rep2
auth-service,spike,h1,3,100,170.0,14.0128,25.5095,3.1059,10.9069,12460,47.964,65.964,1536.144,418.3218,0,0,0,auth-service/h1/spike/rep3
auth-service,spike,h1,4,138,200.0,12.2632,26.0286,1.2039,11.0594,12460,64.086,82.086,1532.656,433.9259,0,0,0,auth-service/h1/spike/rep4
auth-service,spike,h1,5,146,200.0,15.1445,25.1738,1.3242,13.8202,12460,95.084,113.084,1408.664,395.8072,0,0,0,auth-service/h1/spike/rep5
auth-service,spike,h2,1,21,100.0,11.7416,26.1833,0.9069,10.8347,12460,65.249,83.249,1646.004,396.4465,0,0,0,auth-service/h2/spike/rep1
auth-service,spike,h2,2,42,130.0,13.7319,25.5929,3.8684,9.8636,12460,64.953,83.953,1588.188,419.5959,0,0,0,auth-service/h2/spike/rep2
auth-service,spike,h2,3,99,150.0,12.496,25.9595,1.1557,11.3403,12460,64.191,81.191,1594.236,424.497,0,0,0,auth-service/h2/spike/rep3
auth-service,spike,h2,4,122,120.0,13.0979,25.781,1.0514,12.0465,12460,79.397,97.397,1590.412,391.2182,0,0,0,auth-service/h2/spike/rep4
auth-service,spike,h2,5,168,130.0,8.7721,27.0643,0.7464,8.0257,12460,49.887,66.887,1650.452,440.5077,0,0,0,auth-service/h2/spike/rep5
auth-service,spike,h3,1,6,130.0,10.5297,26.5429,1.3804,9.1493,12460,34.413,52.413,1725.348,434.7127,0,0,0,auth-service/h3/spike/rep1
auth-service,spike,h3,2,71,140.0,8.3307,27.1952,0.8347,7.496,12460,35.158,52.158,1752.368,428.2028,0,0,0,auth-service/h3/spike/rep2
auth-service,spike,h3,3,105,100.0,7.6726,27.3905,0.947,6.7255,12460,34.589,51.589,1757.644,439.3344,0,0,0,auth-service/h3/spike/rep3
auth-service,spike,h3,4,112,90.0,6.1396,27.8452,0.4655,5.6742,12460,35.695,53.695,1778.22,417.4467,0,0,0,auth-service/h3/spike/rep4
auth-service,spike,h3,5,158,100.0,7.7287,27.3738,0.7223,7.0064,12460,35.357,53.357,1765.572,424.7903,0,0,0,auth-service/h3/spike/rep5
auth-service,spike,k1,1,28,110.0,7.4719,27.45,0.618,6.8539,12460,35.544,53.544,1751.824,450.6004,0,0,0,auth-service/k1/spike/rep1
auth-service,spike,k1,2,51,140.0,8.6838,27.0905,1.0754,7.6083,12460,36.832,53.832,1764.672,450.2691,0,0,0,auth-service/k1/spike/rep2
auth-service,spike,k1,3,96,110.0,11.1958,26.3452,1.3644,9.8315,12460,35.548,53.548,1705.808,447.6228,0,0,0,auth-service/k1/spike/rep3
auth-service,spike,k1,4,111,110.0,5.6661,27.9857,0.7624,4.9037,12460,27.886,44.886,1813.456,434.2079,0,0,0,auth-service/k1/spike/rep4
auth-service,spike,k1,5,169,120.0,10.4815,26.5571,1.26,9.2215,12460,35.588,52.588,1723.648,433.8224,0,0,0,auth-service/k1/spike/rep5
shipping-rate-service,gradual,b1,1,34,280.0,43.7014,40.0095,0.0034,43.6981,29848,,,420.0,171.4811,0,0,0,shipping-rate-service/b1/gradual/rep1
shipping-rate-service,gradual,b1,2,37,270.0,43.5655,40.1048,0.0034,43.5622,29847,,,420.0,172.2848,0,0,0,shipping-rate-service/b1/gradual/rep2
shipping-rate-service,gradual,b1,3,92,280.0,44.3867,39.5238,0.1608,44.2259,29849,,,420.0,160.8809,0,0,0,shipping-rate-service/b1/gradual/rep3
shipping-rate-service,gradual,b1,4,110,280.0,43.7806,39.9452,0.0034,43.7772,29842,,,420.0,165.3835,0,0,0,shipping-rate-service/b1/gradual/rep4
shipping-rate-service,gradual,b1,5,162,280.0,43.8365,39.9095,0.0,43.8365,29845,,,420.0,157.7253,0,0,0,shipping-rate-service/b1/gradual/rep5
shipping-rate-service,gradual,b2,1,8,0.0,0.0,71.0548,0.0,0.0,29843,,,2100.0,229.0153,0,0,0,shipping-rate-service/b2/gradual/rep1
shipping-rate-service,gradual,b2,2,53,10.0,0.0335,71.0333,0.0235,0.0101,29844,,,2100.0,232.1483,0,0,0,shipping-rate-service/b2/gradual/rep2
shipping-rate-service,gradual,b2,3,85,0.0,0.0,71.0667,0.0,0.0,29848,,,2100.0,218.8913,0,0,0,shipping-rate-service/b2/gradual/rep3
shipping-rate-service,gradual,b2,4,126,0.0,0.0,71.0524,0.0,0.0,29842,,,2100.0,222.9174,0,0,0,shipping-rate-service/b2/gradual/rep4
shipping-rate-service,gradual,b2,5,157,0.0,0.0,71.069,0.0,0.0,29849,,,2100.0,222.6073,0,0,0,shipping-rate-service/b2/gradual/rep5
shipping-rate-service,gradual,h1,1,22,70.0,2.372,69.381,0.0,2.372,29848,153.167,171.167,924.499,227.4293,0,0,0,shipping-rate-service/h1/gradual/rep1
shipping-rate-service,gradual,h1,2,43,60.0,2.1475,69.5429,0.0034,2.1441,29849,154.921,172.921,863.237,220.9366,0,0,0,shipping-rate-service/h1/gradual/rep2
shipping-rate-service,gradual,h1,3,106,20.0,0.7337,70.5476,0.0,0.7337,29849,138.804,156.804,849.588,205.4058,0,0,0,shipping-rate-service/h1/gradual/rep3
shipping-rate-service,gradual,h1,4,127,10.0,0.2949,70.85,0.0,0.2949,29845,124.453,141.453,894.641,205.3798,0,0,0,shipping-rate-service/h1/gradual/rep4
shipping-rate-service,gradual,h1,5,177,50.0,1.9364,69.6929,0.0,1.9364,29849,154.582,171.582,863.254,215.3772,0,0,0,shipping-rate-service/h1/gradual/rep5
shipping-rate-service,gradual,h2,1,10,20.0,0.1709,70.9476,0.0,0.1709,29849,124.941,142.941,1168.236,210.7923,0,0,0,shipping-rate-service/h2/gradual/rep1
shipping-rate-service,gradual,h2,2,65,0.0,0.0101,71.0595,0.0101,0.0,29848,109.33,127.33,1109.68,222.2712,0,0,0,shipping-rate-service/h2/gradual/rep2
shipping-rate-service,gradual,h2,3,90,10.0,0.201,70.9238,0.0,0.201,29848,124.607,141.607,1290.572,210.2077,0,0,0,shipping-rate-service/h2/gradual/rep3
shipping-rate-service,gradual,h2,4,128,0.0,0.0,71.069,0.0,0.0,29849,78.787,95.787,1233.852,207.9028,0,0,0,shipping-rate-service/h2/gradual/rep4
shipping-rate-service,gradual,h2,5,156,0.0,0.0,71.0667,0.0,0.0,29848,94.496,112.496,1183.016,202.4188,0,0,0,shipping-rate-service/h2/gradual/rep5
shipping-rate-service,gradual,h3,1,14,0.0,0.0,71.069,0.0,0.0,29849,64.361,82.361,1482.556,221.2706,0,0,0,shipping-rate-service/h3/gradual/rep1
shipping-rate-service,gradual,h3,2,40,0.0,0.0,71.05,0.0,0.0,29841,65.246,82.246,1485.016,225.9413,0,0,0,shipping-rate-service/h3/gradual/rep2
shipping-rate-service,gradual,h3,3,76,0.0,0.0,71.069,0.0,0.0,29849,50.097,67.097,1500.612,213.8847,0,0,0,shipping-rate-service/h3/gradual/rep3
shipping-rate-service,gradual,h3,4,129,10.0,0.2982,70.8571,0.0838,0.2144,29849,64.366,82.366,1469.536,209.1079,0,0,0,shipping-rate-service/h3/gradual/rep4
shipping-rate-service,gradual,h3,5,170,0.0,0.0,71.069,0.0,0.0,29849,50.566,68.566,1496.736,212.5515,0,0,0,shipping-rate-service/h3/gradual/rep5
shipping-rate-service,gradual,k1,1,20,0.0,0.0,71.0548,0.0,0.0,29843,67.326,84.326,1460.696,223.978,0,0,0,shipping-rate-service/k1/gradual/rep1
shipping-rate-service,gradual,k1,2,55,0.0,0.0,71.069,0.0,0.0,29849,66.737,83.737,1477.052,228.8714,0,0,0,shipping-rate-service/k1/gradual/rep2
shipping-rate-service,gradual,k1,3,89,0.0,0.0,71.0667,0.0,0.0,29848,64.298,82.298,1484.808,215.9144,0,0,0,shipping-rate-service/k1/gradual/rep3
shipping-rate-service,gradual,k1,4,130,0.0,0.0,71.069,0.0,0.0,29849,69.209,87.209,1468.164,213.321,0,0,0,shipping-rate-service/k1/gradual/rep4
shipping-rate-service,gradual,k1,5,147,10.0,0.1106,70.9786,0.0134,0.0972,29844,50.761,68.761,1495.956,209.9399,0,0,0,shipping-rate-service/k1/gradual/rep5
shipping-rate-service,oscillating,b1,1,12,250.0,51.9968,30.3071,0.0,51.9968,26517,,,420.0,130.2113,0,0,0,shipping-rate-service/b1/oscillating/rep1
shipping-rate-service,oscillating,b1,2,39,250.0,52.0397,30.2881,0.0,52.0397,26524,,,420.0,123.2263,0,0,0,shipping-rate-service/b1/oscillating/rep2
shipping-rate-service,oscillating,b1,3,97,250.0,51.4666,30.65,0.0,51.4666,26524,,,420.0,127.0617,0,0,0,shipping-rate-service/b1/oscillating/rep3
shipping-rate-service,oscillating,b1,4,141,250.0,52.2113,30.1786,0.0,52.2113,26523,,,420.0,127.6893,0,0,0,shipping-rate-service/b1/oscillating/rep4
shipping-rate-service,oscillating,b1,5,152,250.0,52.157,30.2071,0.0,52.157,26518,,,420.0,129.2985,0,0,0,shipping-rate-service/b1/oscillating/rep5
shipping-rate-service,oscillating,b2,1,32,0.0,0.0075,63.1476,0.0075,0.0,26524,,,2100.0,201.1743,0,0,0,shipping-rate-service/b2/oscillating/rep1
shipping-rate-service,oscillating,b2,2,61,0.0,0.0,63.1381,0.0,0.0,26518,,,2100.0,194.649,0,0,0,shipping-rate-service/b2/oscillating/rep2
shipping-rate-service,oscillating,b2,3,108,0.0,0.0189,63.1405,0.0189,0.0,26524,,,2100.0,183.5935,0,0,0,shipping-rate-service/b2/oscillating/rep3
shipping-rate-service,oscillating,b2,4,139,0.0,0.0,63.1524,0.0,0.0,26524,,,2100.0,188.2614,0,0,0,shipping-rate-service/b2/oscillating/rep4
shipping-rate-service,oscillating,b2,5,167,0.0,0.0038,63.1476,0.0038,0.0,26523,,,2100.0,190.0696,0,0,0,shipping-rate-service/b2/oscillating/rep5
shipping-rate-service,oscillating,h1,1,9,170.0,20.9018,49.9524,0.0,20.9018,26524,64.049,82.049,1073.853,181.6119,0,0,0,shipping-rate-service/h1/oscillating/rep1
shipping-rate-service,oscillating,h1,2,63,90.0,15.1981,53.5524,0.0,15.1981,26523,49.267,68.267,1177.199,173.3234,0,0,0,shipping-rate-service/h1/oscillating/rep2
shipping-rate-service,oscillating,h1,3,77,90.0,17.6828,51.9833,0.0038,17.679,26523,64.67,82.67,1094.66,160.2968,0,0,0,shipping-rate-service/h1/oscillating/rep3
shipping-rate-service,oscillating,h1,4,115,100.0,14.904,53.7381,0.132,14.7721,26523,50.006,67.006,1176.982,177.3183,0,0,0,shipping-rate-service/h1/oscillating/rep4
shipping-rate-service,oscillating,h1,5,178,100.0,15.2953,53.481,0.0113,15.284,26518,49.261,67.261,1179.217,175.2145,0,0,0,shipping-rate-service/h1/oscillating/rep5
shipping-rate-service,oscillating,h2,1,36,190.0,41.5284,36.9262,0.0,41.3098,26524,63.836,81.836,994.1815,133.9601,2,0,0,shipping-rate-service/h2/oscillating/rep1
shipping-rate-service,oscillating,h2,2,49,190.0,41.0265,37.2333,0.0,40.9963,26517,65.126,82.126,886.583,133.7832,2,0,0,shipping-rate-service/h2/oscillating/rep2
shipping-rate-service,oscillating,h2,3,103,130.0,13.9307,54.3405,0.0,13.9307,26517,34.673,51.673,1278.337,192.7897,1,0,0,shipping-rate-service/h2/oscillating/rep3
shipping-rate-service,oscillating,h2,4,125,140.0,16.6491,52.6381,0.0,16.6302,26524,33.882,52.882,1106.0715,184.8229,3,0,0,shipping-rate-service/h2/oscillating/rep4
shipping-rate-service,oscillating,h2,5,150,140.0,16.1219,52.969,0.0,16.1181,26523,34.705,52.705,1101.4485,177.8027,3,0,0,shipping-rate-service/h2/oscillating/rep5
shipping-rate-service,oscillating,h3,1,26,190.0,30.3989,43.9548,0.0075,30.3913,26524,19.635,36.635,1066.1775,171.0919,0,0,0,shipping-rate-service/h3/oscillating/rep1
shipping-rate-service,oscillating,h3,2,59,190.0,25.344,47.1452,0.0,25.344,26523,19.841,37.841,1113.289,185.084,0,0,0,shipping-rate-service/h3/oscillating/rep2
shipping-rate-service,oscillating,h3,3,94,190.0,30.414,43.9452,4.9879,25.426,26524,19.885,36.885,1155.5695,190.0008,0,0,0,shipping-rate-service/h3/oscillating/rep3
shipping-rate-service,oscillating,h3,4,132,190.0,28.4195,45.2048,0.0,28.4082,26524,35.481,52.481,1113.423,171.0643,0,0,0,shipping-rate-service/h3/oscillating/rep4
shipping-rate-service,oscillating,h3,5,149,190.0,24.7022,47.5524,0.0,24.7022,26524,19.373,37.373,1135.9255,178.6579,0,0,0,shipping-rate-service/h3/oscillating/rep5
shipping-rate-service,oscillating,k1,1,31,170.0,26.7768,46.2405,0.0038,26.773,26523,24.534,42.534,1086.3815,174.1669,0,0,0,shipping-rate-service/k1/oscillating/rep1
shipping-rate-service,oscillating,k1,2,41,190.0,25.9539,46.7619,0.0075,25.9463,26524,21.365,39.365,1193.1805,181.2669,0,0,0,shipping-rate-service/k1/oscillating/rep2
shipping-rate-service,oscillating,k1,3,87,170.0,29.054,44.8024,0.0,29.054,26523,27.506,46.506,1117.712,165.1804,0,0,0,shipping-rate-service/k1/oscillating/rep3
shipping-rate-service,oscillating,k1,4,135,190.0,26.2188,46.5929,0.0,26.2188,26523,21.982,39.982,1161.8285,179.2029,0,0,0,shipping-rate-service/k1/oscillating/rep4
shipping-rate-service,oscillating,k1,5,155,190.0,26.6109,46.3452,0.0,26.6109,26523,22.787,39.787,1137.055,177.9771,0,0,0,shipping-rate-service/k1/oscillating/rep5
shipping-rate-service,spike,b1,1,23,410.0,58.2514,43.3619,0.0023,58.2491,43623,,,420.0,202.1991,0,0,0,shipping-rate-service/b1/spike/rep1
shipping-rate-service,spike,b1,2,72,410.0,58.5402,43.0619,0.0,58.5402,43623,,,420.0,202.4286,0,0,0,shipping-rate-service/b1/spike/rep2
shipping-rate-service,spike,b1,3,84,410.0,57.9537,43.669,0.0,57.9537,43621,,,420.0,202.8457,0,0,0,shipping-rate-service/b1/spike/rep3
shipping-rate-service,spike,b1,4,117,410.0,60.1229,41.419,0.0229,60.0999,43624,,,420.0,197.4928,0,0,0,shipping-rate-service/b1/spike/rep4
shipping-rate-service,spike,b1,5,163,410.0,58.1584,43.4595,0.0,58.1584,43624,,,420.0,197.8333,0,0,0,shipping-rate-service/b1/spike/rep5
shipping-rate-service,spike,b2,1,19,0.0,0.0023,103.8619,0.0023,0.0,43623,,,2100.0,320.1043,0,0,0,shipping-rate-service/b2/spike/rep1
shipping-rate-service,spike,b2,2,58,0.0,0.0,103.8643,0.0,0.0,43623,,,2100.0,322.6474,0,0,0,shipping-rate-service/b2/spike/rep2
shipping-rate-service,spike,b2,3,80,10.0,0.1765,103.669,0.0367,0.1399,43618,,,2100.0,319.3041,0,0,0,shipping-rate-service/b2/spike/rep3
shipping-rate-service,spike,b2,4,140,0.0,0.0,103.8643,0.0,0.0,43623,,,2100.0,311.3084,0,0,0,shipping-rate-service/b2/spike/rep4
shipping-rate-service,spike,b2,5,166,10.0,0.1582,103.7,0.0138,0.1444,43623,,,2100.0,323.1808,0,0,0,shipping-rate-service/b2/spike/rep5
shipping-rate-service,spike,h1,1,18,140.0,12.2685,91.1238,0.0023,12.2662,43624,64.627,83.627,1467.492,314.4456,0,0,0,shipping-rate-service/h1/spike/rep1
shipping-rate-service,spike,h1,2,57,100.0,12.9029,90.4524,0.0,12.9029,43618,79.436,97.436,1267.692,290.5832,0,0,0,shipping-rate-service/h1/spike/rep2
shipping-rate-service,spike,h1,3,101,100.0,12.6241,90.7524,0.0,12.6241,43623,78.892,96.892,1269.324,278.9881,0,0,0,shipping-rate-service/h1/spike/rep3
shipping-rate-service,spike,h1,4,142,100.0,11.1672,92.2571,0.055,11.1121,43619,65.067,83.067,1309.799,277.7572,0,0,0,shipping-rate-service/h1/spike/rep4
shipping-rate-service,spike,h1,5,164,90.0,10.7097,92.7429,0.0,10.7097,43624,64.507,82.507,1312.479,281.0833,0,0,0,shipping-rate-service/h1/spike/rep5
shipping-rate-service,spike,h2,1,30,110.0,13.1574,90.1881,0.0688,13.0886,43618,79.533,97.533,1585.868,296.9604,0,0,0,shipping-rate-service/h2/spike/rep1
shipping-rate-service,spike,h2,2,56,90.0,8.9354,94.5857,0.094,8.8415,43624,48.827,66.827,1592.692,305.6534,0,0,0,shipping-rate-service/h2/spike/rep2
shipping-rate-service,spike,h2,3,82,90.0,10.6432,92.8119,0.0,10.6432,43624,64.798,81.798,1648.808,288.7741,0,0,0,shipping-rate-service/h2/spike/rep3
shipping-rate-service,spike,h2,4,118,90.0,10.8977,92.5476,0.0,10.8977,43624,64.882,81.882,1650.472,292.6452,0,0,0,shipping-rate-service/h2/spike/rep4
shipping-rate-service,spike,h2,5,151,90.0,8.9013,94.619,0.0894,8.8119,43623,48.977,66.977,1592.092,296.5246,0,0,0,shipping-rate-service/h2/spike/rep5
shipping-rate-service,spike,h3,1,5,80.0,7.3516,96.2286,0.0894,7.2622,43623,34.828,52.828,1786.688,311.4556,0,0,0,shipping-rate-service/h3/spike/rep1
shipping-rate-service,spike,h3,2,60,70.0,5.3343,98.3238,0.0,5.3343,43623,19.869,37.869,1827.524,319.3521,0,0,0,shipping-rate-service/h3/spike/rep2
shipping-rate-service,spike,h3,3,74,50.0,4.8048,98.8738,0.0,4.8048,43623,19.607,38.607,1843.572,300.4262,0,0,0,shipping-rate-service/h3/spike/rep3
shipping-rate-service,spike,h3,4,121,70.0,5.1875,98.4786,0.0023,5.1852,43624,19.652,37.652,1800.392,302.331,0,0,0,shipping-rate-service/h3/spike/rep4
shipping-rate-service,spike,h3,5,174,70.0,4.9859,98.6857,0.0,4.9859,43623,19.407,37.407,1830.372,309.3208,0,0,0,shipping-rate-service/h3/spike/rep5
shipping-rate-service,spike,k1,1,33,70.0,6.8976,96.7024,0.0,6.8976,43624,35.044,52.044,1786.824,323.6737,0,0,0,shipping-rate-service/k1/spike/rep1
shipping-rate-service,spike,k1,2,70,70.0,7.0194,96.5714,0.0,7.0194,43622,36.047,53.047,1782.812,316.9632,0,0,0,shipping-rate-service/k1/spike/rep2
shipping-rate-service,spike,k1,3,88,70.0,6.8265,96.7762,0.0,6.8265,43624,34.807,51.807,1757.772,305.6733,0,0,0,shipping-rate-service/k1/spike/rep3
shipping-rate-service,spike,k1,4,131,70.0,4.9697,98.7048,0.0023,4.9674,43624,19.506,36.506,1833.976,304.3048,0,0,0,shipping-rate-service/k1/spike/rep4
shipping-rate-service,spike,k1,5,179,80.0,7.4042,96.1762,0.0527,7.3515,43624,36.496,54.496,1777.016,288.6521,0,0,0,shipping-rate-service/k1/spike/rep5
